{
  "active_alerts": [
    {
      "id": 1,
      "type": "general",
      "message": "General Hospital Alert - Please Follow Instructions",
      "location": "Hospital Wide",
      "timestamp": "2025-06-10T07:29:52.763431",
      "active": true
    }
  ],
  "alert_history": [
    {
      "id": 1,
      "type": "code_red",
      "message": "bhjgjj",
      "location": "emergency",
      "timestamp": "2025-06-10T07:28:11.022270",
      "active": false,
      "dismissed_at": "2025-06-10T07:28:37.213798"
    }
  ],
  "last_updated": "2025-06-10T07:29:52.763438"
}