{
  "ot_schedules": {
    "2024-06-10_ot1": {
      "ot_room": "OT-1",
      "procedure": "Appendectomy",
      "surgeon": "Dr. Rajesh Kumar",
      "patient_id": "P001234",
      "start_time": "09:00",
      "end_time": "11:30",
      "status": "in_progress",
      "anesthesiologist": "Dr. Priya Sharma"
    },
    "2024-06-10_ot2": {
      "ot_room": "OT-2",
      "procedure": "Knee Replacement",
      "surgeon": "Dr. Suresh Reddy",
      "patient_id": "P001235",
      "start_time": "08:30",
      "end_time": "12:00",
      "status": "completed",
      "anesthesiologist": "Dr. Meera Nair"
    },
    "2024-06-10_ot3": {
      "ot_room": "OT-3",
      "procedure": "Cardiac Bypass",
      "surgeon": "Dr. Anil Gupta",
      "patient_id": "P001236",
      "start_time": "14:00",
      "end_time": "18:00",
      "status": "scheduled",
      "anesthesiologist": "Dr. Ravi Patel"
    },
    "2024-06-10_ot4": {
      "ot_room": "OT-4",
      "procedure": "Gallbladder Surgery",
      "surgeon": "Dr. Sunita Das",
      "patient_id": "P001237",
      "start_time": "15:30",
      "end_time": "17:00",
      "status": "scheduled",
      "anesthesiologist": "Dr. Vikram Singh"
    }
  },
  "consultations": {
    "2024-06-10_cardio_morning": {
      "department": "Cardiology",
      "doctor": "Dr. Ramesh Iyer",
      "time_slot": "09:00-12:00",
      "total_appointments": 12,
      "completed": 8,
      "remaining": 4,
      "status": "ongoing"
    },
    "2024-06-10_ortho_morning": {
      "department": "Orthopedics",
      "doctor": "Dr. Kavitha Menon",
      "time_slot": "10:00-13:00",
      "total_appointments": 15,
      "completed": 12,
      "remaining": 3,
      "status": "ongoing"
    },
    "2024-06-10_pediatrics_morning": {
      "department": "Pediatrics",
      "doctor": "Dr. Arjun Nair",
      "time_slot": "09:30-12:30",
      "total_appointments": 10,
      "completed": 6,
      "remaining": 4,
      "status": "ongoing"
    },
    "2024-06-10_general_afternoon": {
      "department": "General Medicine",
      "doctor": "Dr. Lakshmi Pillai",
      "time_slot": "14:00-17:00",
      "total_appointments": 18,
      "completed": 0,
      "remaining": 18,
      "status": "scheduled"
    },
    "2024-06-10_gyneco_afternoon": {
      "department": "Gynecology",
      "doctor": "Dr. Deepa Krishnan",
      "time_slot": "15:00-18:00",
      "total_appointments": 8,
      "completed": 0,
      "remaining": 8,
      "status": "scheduled"
    }
  },
  "last_updated": "2024-06-10T10:15:00"
}
