{
  "current_tokens": {
    "cardiology": "C008",
    "general": "G015",
    "gynecology": "GY003",
    "orthopedics": "O013",
    "pediatrics": "P007"
  },
  "last_updated": "2025-06-10T07:33:57.810166",
  "queue": {
    "cardiology": [
      {
        "patient_type": "Follow-up",
        "status": "waiting",
        "timestamp": "2024-06-10T09:30:00",
        "token_number": "C009"
      },
      {
        "patient_type": "New Patient",
        "status": "waiting",
        "timestamp": "2024-06-10T09:35:00",
        "token_number": "C010"
      }
    ],
    "general": [
      {
        "patient_type": "General",
        "status": "waiting",
        "timestamp": "2024-06-10T09:15:00",
        "token_number": "G016"
      },
      {
        "patient_type": "General",
        "status": "waiting",
        "timestamp": "2024-06-10T09:20:00",
        "token_number": "G017"
      },
      {
        "patient_type": "Senior Citizen",
        "status": "waiting",
        "timestamp": "2024-06-10T09:25:00",
        "token_number": "G018"
      },
      {
        "patient_type": "General",
        "status": "waiting",
        "timestamp": "2025-06-10T07:33:24.731Z",
        "token_number": "01"
      }
    ],
    "gynecology": [
      {
        "token_number": "01",
        "patient_type": "General",
        "status": "waiting",
        "timestamp": "2025-06-10T07:33:57.020Z"
      }
    ],
    "orthopedics": [],
    "pediatrics": [
      {
        "patient_type": "General",
        "status": "waiting",
        "timestamp": "2024-06-10T09:50:00",
        "token_number": "P008"
      }
    ]
  }
}